public_source,source,sample_count,avg_precision,avg_recall,avg_f1
casie,casie,50,0.8538631952979856,0.5275787436098929,0.5881241014218703
ctinexus,ctinexus,50,0.7989896990522378,0.5563369878831179,0.6341118324522305
grid,grid,49,0.8065278107838374,0.6961024246339423,0.72601066295665
malkg,malkg,50,0.784940008198938,0.3826596797855654,0.4670018837265338
securenlp,securenlp,50,0.8034978099114999,0.6516256532424086,0.6869690315242026
