public_source,source,sample_count,avg_precision,avg_recall,avg_f1
casie,casie,50,0.258281925293165,0.004,0.0052631578947368
ctinexus,ctinexus,50,0.2733965014577259,0.0142425240773,0.0234784564604348
grid,grid,49,0.237107503079216,0.0192727008701674,0.0220291976546554
malkg,malkg,50,0.2894407989079656,0.0204877292316226,0.028530312758358
securenlp,securenlp,50,0.2880278488246124,0.0557527750499202,0.0688963782043801
