public_source,source,sample_count,avg_precision,avg_recall,avg_f1
casie,casie,50,0.902977810891764,0.1242975241133135,0.1669068310428522
ctinexus,ctinexus,50,0.8709328823350562,0.3378910817424749,0.4381151142088383
grid,grid,49,0.772845321044452,0.3570272380100549,0.4407331814326449
malkg,malkg,50,0.8810149524189819,0.2131512615730357,0.3024733028930119
securenlp,securenlp,50,0.8493329644046863,0.2025593195727547,0.2561655888785956
