public_source,source,sample_count,avg_precision,avg_recall,avg_f1
casie,casie,50,0.874143737261288,0.3450552868184446,0.445681005202465
ctinexus,ctinexus,50,0.8266754401078199,0.4081558936763271,0.5025081988739918
grid,grid,49,0.8428386999470519,0.4305701484809334,0.5230390119881769
malkg,malkg,50,0.7920162954554272,0.1891388597306563,0.2629269523347232
securenlp,securenlp,50,0.8412361643160549,0.406148333613128,0.5111698662565982
