public_source,source,sample_count,avg_precision,avg_recall,avg_f1
casie,casie,50,0.8343683750156144,0.6141201202425692,0.6749450561396652
ctinexus,ctinexus,50,0.8675375668699468,0.9101983135543508,0.8783494832159444
grid,grid,49,0.8362099275704609,0.7164216811718754,0.7590923623748584
malkg,malkg,50,0.8870811480381136,0.3941695388950288,0.4824027664574006
securenlp,securenlp,50,0.8507436748742736,0.5387540363798862,0.6379863463430506
