public_source,source,sample_count,avg_precision,avg_recall,avg_f1
casie,casie,50,0.2635318920891116,0.1954312027841439,0.1666968664048717
ctinexus,ctinexus,50,0.2564820440369864,0.3627017185600777,0.2655337000541954
grid,grid,49,0.2649914927579874,0.25658179592862,0.2005939766575603
malkg,malkg,50,0.482229516030057,0.1363812510457471,0.1503821021218526
securenlp,securenlp,50,0.4847047923976466,0.4401026604567441,0.4294655417680899
