public_source,source,sample_count,avg_precision,avg_recall,avg_f1
casie,casie,50,0.4887149538778336,0.4375464422651355,0.3978735275423938
ctinexus,ctinexus,50,0.6397832488624339,0.64579691479987,0.6180407774771339
grid,grid,49,0.5712924134170164,0.5200879963104522,0.5024338216943364
malkg,malkg,50,0.6374232619735622,0.2772808923114162,0.3033347700495073
securenlp,securenlp,50,0.68044832934849,0.4873620973800043,0.5254114627805161
